{"stat.useItem.minecraft.quartz_block":1188,"stat.useItem.minecraft.painting":79,"stat.useItem.minecraft.repeater":2,"stat.leaveGame":16,"stat.useItem.minecraft.log2":6,"stat.useItem.minecraft.bookshelf":76,"stat.useItem.minecraft.soul_sand":22,"stat.useItem.minecraft.skull":15,"stat.useItem.minecraft.diamond_sword":15,"stat.swimOneCm":417886,"stat.useItem.minecraft.planks":420,"stat.climbOneCm":23021,"stat.useItem.minecraft.nether_brick_stairs":123,"stat.useItem.minecraft.obsidian":19,"stat.useItem.minecraft.redstone_torch":9,"stat.useItem.minecraft.dirt":1638,"stat.useItem.minecraft.mob_spawner":68,"achievement.exploreAllBiomes":{"value":0,"progress":["Beach","Forest","River","Deep Ocean","Hell"]},"stat.useItem.minecraft.red_flower":20,"stat.useItem.minecraft.vine":249,"stat.useItem.minecraft.iron_ore":5,"stat.useItem.minecraft.rail":4,"stat.useItem.minecraft.anvil":14,"stat.useItem.minecraft.brick_block":4,"stat.flyOneCm":1384057,"stat.timeSinceDeath":1299314,"stat.useItem.minecraft.sign":15,"stat.useItem.minecraft.spawn_egg":70,"stat.cauldronFilled":2,"stat.useItem.minecraft.wooden_slab":109,"stat.useItem.minecraft.iron_door":1,"stat.useItem.minecraft.lever":10,"stat.useItem.minecraft.oak_stairs":40,"stat.useItem.minecraft.nether_wart":22,"stat.killEntity.Wolf":4,"stat.useItem.minecraft.dark_oak_stairs":60,"stat.useItem.minecraft.end_stone":33,"stat.useItem.minecraft.redstone":23,"stat.useItem.minecraft.milk_bucket":3,"stat.useItem.minecraft.red_sandstone":758,"stat.useItem.minecraft.written_book":11,"stat.useItem.minecraft.spruce_fence":26,"stat.useItem.minecraft.trapdoor":27,"stat.sprintOneCm":24943,"stat.useItem.minecraft.stained_glass":2000,"stat.useItem.minecraft.stone_stairs":30,"stat.useItem.minecraft.dark_oak_door":69,"stat.useItem.minecraft.stone_slab":210,"stat.useItem.minecraft.bed":3,"achievement.openInventory":574,"stat.useItem.minecraft.cauldron":4,"stat.useItem.minecraft.flint_and_steel":30,"stat.useItem.minecraft.hopper":4,"stat.useItem.minecraft.dye":418,"stat.useItem.minecraft.bucket":5,"stat.playOneMinute":1299314,"stat.useItem.minecraft.jungle_stairs":9,"stat.useItem.minecraft.banner":13,"stat.useItem.minecraft.nether_brick":1047,"stat.useItem.minecraft.diamond_ore":24,"stat.useItem.minecraft.ladder":16,"stat.killEntity.Zombie":2,"stat.diveOneCm":2806825,"stat.chestOpened":286,"stat.useItem.minecraft.sticky_piston":4,"stat.useItem.minecraft.stone":1558,"stat.useItem.minecraft.jungle_fence":38,"stat.useItem.minecraft.quartz_stairs":18,"stat.useItem.minecraft.sponge":977,"stat.useItem.minecraft.carpet":77,"stat.useItem.minecraft.potion":309,"stat.useItem.minecraft.flower_pot":26,"stat.jump":1956,"stat.useItem.minecraft.iron_trapdoor":5,"stat.useItem.minecraft.experience_bottle":16,"stat.crouchOneCm":205,"stat.useItem.minecraft.mycelium":8,"stat.useItem.minecraft.nether_brick_fence":107,"stat.useItem.minecraft.stone_button":2,"stat.useItem.minecraft.glass":56,"stat.useItem.minecraft.dispenser":1,"stat.useItem.minecraft.sapling":65,"stat.useItem.minecraft.redstone_lamp":7,"stat.brewingstandInteraction":11,"stat.useItem.minecraft.stone_brick_stairs":15,"stat.damageDealt":1835,"stat.useItem.minecraft.wool":9,"stat.flowerPotted":19,"stat.useItem.minecraft.iron_bars":79,"stat.walkOneCm":1971020,"stat.useItem.minecraft.torch":20,"stat.useItem.minecraft.chest":74,"stat.useItem.minecraft.log":109,"stat.useItem.minecraft.cobblestone":3614,"stat.useItem.minecraft.tnt":58,"stat.useItem.minecraft.gravel":291,"stat.useItem.minecraft.gold_ore":10,"stat.useItem.minecraft.item_frame":14,"stat.useItem.minecraft.stained_hardened_clay":2541,"stat.useItem.minecraft.leaves":452,"stat.useItem.minecraft.tallgrass":154,"stat.useItem.minecraft.netherrack":23,"stat.useItem.minecraft.prismarine":3506,"stat.killEntity.Skeleton":2,"stat.useItem.minecraft.jungle_door":1,"stat.mobKills":8,"stat.useItem.minecraft.stonebrick":1420,"stat.useItem.minecraft.mossy_cobblestone":441,"stat.useItem.minecraft.monster_egg":164,"stat.useItem.minecraft.writable_book":21,"stat.useItem.minecraft.brewing_stand":7,"stat.useItem.minecraft.sandstone":1498}