{"stat.walkOneCm":140167,"stat.leaveGame":5,"stat.mineBlock.18":13,"stat.mineBlock.17":16,"stat.jump":136,"stat.fallOneCm":3877,"achievement.mineWood":15,"achievement.exploreAllBiomes":{"value":0,"progress":["Savanna Plateau","Savanna"]},"achievement.openInventory":8,"stat.craftItem.5":60,"stat.damageTaken":1355,"stat.mineBlock.5":3,"stat.mineBlock.3":32,"achievement.cfm_install":5,"stat.entityKilledBy.Creeper":2,"stat.flyOneCm":1838,"stat.useItem.6":1,"stat.deaths":4,"stat.playOneMinute":65216,"stat.useItem.5":62,"stat.useItem.3":30,"stat.mineBlock.31":5,"stat.diveOneCm":8741}